{
    "name": "root",
    "metadata": {
        "timer_format_version": "0.1.0",
        "start_time_seconds": "1725017563",
        "python_version": "3.9.13 (tags/v3.9.13:6de2ca5, May 17 2022, 16:36:42) [MSC v.1929 64 bit (AMD64)]",
        "command_line_arguments": "D:\\Unity\\Projects\\FindWay\\My project\\venv\\Scripts\\mlagents-learn --run-id=Test11",
        "mlagents_version": "0.30.0",
        "mlagents_envs_version": "0.30.0",
        "communication_protocol_version": "1.5.0",
        "pytorch_version": "2.4.0+cpu",
        "numpy_version": "1.21.2",
        "end_time_seconds": "1725017703"
    },
    "total": 139.6781043,
    "count": 1,
    "self": 0.009940900000032116,
    "children": {
        "run_training.setup": {
            "total": 0.07107529999999995,
            "count": 1,
            "self": 0.07107529999999995
        },
        "TrainerController.start_learning": {
            "total": 139.59708809999998,
            "count": 1,
            "self": 0.2688292999999078,
            "children": {
                "TrainerController._reset_env": {
                    "total": 12.6833603,
                    "count": 1,
                    "self": 12.6833603
                },
                "TrainerController.advance": {
                    "total": 125.27895080000003,
                    "count": 13316,
                    "self": 0.25390070000013054,
                    "children": {
                        "env_step": {
                            "total": 115.32708979999985,
                            "count": 13316,
                            "self": 106.04829579999911,
                            "children": {
                                "SubprocessEnvManager._take_step": {
                                    "total": 9.108824200000855,
                                    "count": 13316,
                                    "self": 0.6010123000007113,
                                    "children": {
                                        "TorchPolicy.evaluate": {
                                            "total": 8.507811900000144,
                                            "count": 10244,
                                            "self": 8.507811900000144
                                        }
                                    }
                                },
                                "workers": {
                                    "total": 0.16996979999989215,
                                    "count": 13315,
                                    "self": 0.0,
                                    "children": {
                                        "worker_root": {
                                            "total": 92.21591159999973,
                                            "count": 13315,
                                            "is_parallel": true,
                                            "self": 32.91222420000046,
                                            "children": {
                                                "steps_from_proto": {
                                                    "total": 0.00034909999999932495,
                                                    "count": 1,
                                                    "is_parallel": true,
                                                    "self": 0.0001542000000007704,
                                                    "children": {
                                                        "_process_rank_one_or_two_observation": {
                                                            "total": 0.00019489999999855456,
                                                            "count": 2,
                                                            "is_parallel": true,
                                                            "self": 0.00019489999999855456
                                                        }
                                                    }
                                                },
                                                "UnityEnvironment.step": {
                                                    "total": 59.30333829999927,
                                                    "count": 13315,
                                                    "is_parallel": true,
                                                    "self": 1.034612699999272,
                                                    "children": {
                                                        "UnityEnvironment._generate_step_input": {
                                                            "total": 0.6863106999994795,
                                                            "count": 13315,
                                                            "is_parallel": true,
                                                            "self": 0.6863106999994795
                                                        },
                                                        "communicator.exchange": {
                                                            "total": 54.70657680000031,
                                                            "count": 13315,
                                                            "is_parallel": true,
                                                            "self": 54.70657680000031
                                                        },
                                                        "steps_from_proto": {
                                                            "total": 2.8758381000002036,
                                                            "count": 13315,
                                                            "is_parallel": true,
                                                            "self": 1.5377185000003326,
                                                            "children": {
                                                                "_process_rank_one_or_two_observation": {
                                                                    "total": 1.338119599999871,
                                                                    "count": 26630,
                                                                    "is_parallel": true,
                                                                    "self": 1.338119599999871
                                                                }
                                                            }
                                                        }
                                                    }
                                                }
                                            }
                                        }
                                    }
                                }
                            }
                        },
                        "trainer_advance": {
                            "total": 9.697960300000043,
                            "count": 13315,
                            "self": 0.2545312000006579,
                            "children": {
                                "process_trajectory": {
                                    "total": 5.2250541999993985,
                                    "count": 13315,
                                    "self": 5.2250541999993985
                                },
                                "_update_policy": {
                                    "total": 4.218374899999986,
                                    "count": 1,
                                    "self": 2.131587699999983,
                                    "children": {
                                        "TorchPPOOptimizer.update": {
                                            "total": 2.0867872000000034,
                                            "count": 30,