{
    "name": "root",
    "metadata": {
        "timer_format_version": "0.1.0",
        "start_time_seconds": "1725017946",
        "python_version": "3.9.13 (tags/v3.9.13:6de2ca5, May 17 2022, 16:36:42) [MSC v.1929 64 bit (AMD64)]",
        "command_line_arguments": "D:\\Unity\\Projects\\FindWay\\My project\\venv\\Scripts\\mlagents-learn --run-id=Test14",
        "mlagents_version": "0.30.0",
        "mlagents_envs_version": "0.30.0",
        "communication_protocol_version": "1.5.0",
        "pytorch_version": "2.4.0+cpu",
        "numpy_version": "1.21.2",
        "end_time_seconds": "1725018077"
    },
    "total": 131.593666,
    "count": 1,
    "self": 0.014009600000008504,
    "children": {
        "run_training.setup": {
            "total": 0.07065959999999993,
            "count": 1,
            "self": 0.07065959999999993
        },
        "TrainerController.start_learning": {
            "total": 131.5089968,
            "count": 1,
            "self": 0.1696667999997601,
            "children": {
                "TrainerController._reset_env": {
                    "total": 14.5708062,
                    "count": 1,
                    "self": 14.5708062
                },
                "TrainerController.advance": {
                    "total": 115.38973910000027,
                    "count": 8041,
                    "self": 0.1578781000002465,
                    "children": {
                        "env_step": {
                            "total": 110.32029690000027,
                            "count": 8041,
                            "self": 105.73332950000042,
                            "children": {
                                "SubprocessEnvManager._take_step": {
                                    "total": 4.48835219999966,
                                    "count": 8041,
                                    "self": 0.30253729999917667,
                                    "children": {
                                        "TorchPolicy.evaluate": {
                                            "total": 4.185814900000484,
                                            "count": 5027,
                                            "self": 4.185814900000484
                                        }
                                    }
                                },
                                "workers": {
                                    "total": 0.09861520000018231,
                                    "count": 8040,
                                    "self": 0.0,
                                    "children": {
                                        "worker_root": {
                                            "total": 54.67327049999963,
                                            "count": 8040,
                                            "is_parallel": true,
                                            "self": 18.636153199999725,
                                            "children": {
                                                "steps_from_proto": {
                                                    "total": 0.000513899999999623,
                                                    "count": 1,
                                                    "is_parallel": true,
                                                    "self": 0.00021899999999952513,
                                                    "children": {
                                                        "_process_rank_one_or_two_observation": {
                                                            "total": 0.00029490000000009786,
                                                            "count": 2,
                                                            "is_parallel": true,
                                                            "self": 0.00029490000000009786
                                                        }
                                                    }
                                                },
                                                "UnityEnvironment.step": {
                                                    "total": 36.036603399999905,
                                                    "count": 8040,
                                                    "is_parallel": true,
                                                    "self": 0.6326179999995247,
                                                    "children": {
                                                        "UnityEnvironment._generate_step_input": {
                                                            "total": 0.37213180000016877,
                                                            "count": 8040,
                                                            "is_parallel": true,
                                                            "self": 0.37213180000016877
                                                        },
                                                        "communicator.exchange": {
                                                            "total": 33.309678699999985,
                                                            "count": 8040,
                                                            "is_parallel": true,
                                                            "self": 33.309678699999985
                                                        },
                                                        "steps_from_proto": {
                                                            "total": 1.7221749000002262,
                                                            "count": 8040,
                                                            "is_parallel": true,
                                                            "self": 0.9270782000003237,
                                                            "children": {
                                                                "_process_rank_one_or_two_observation": {
                                                                    "total": 0.7950966999999025,
                                                                    "count": 16080,
                                                                    "is_parallel": true,
                                                                    "self": 0.7950966999999025
                                                                }
                                                            }
                                                        }
                                                    }
                                                }
                                            }
                                        }
                                    }
                                }
                            }
                        },
                        "trainer_advance": {
                            "total": 4.911564099999751,
                            "count": 8040,
                            "self": 0.15031940000001498,
                            "children": {
                                "process_trajectory": {
                                    "total": 4.761244699999736,
                                    "count": 8040,
                                    "self": 4.761244699999736
                                }
                            }
                        }
                    }
                },
                "TrainerController._save_models": {
                    "total": 1.3787846999999829,
                    "count": 1,
                    "self": 0.00020279999998251697,
                    "children": {
                        "RLTrainer._checkpoint": {
                            "total": 1.3785819000000004,
                            "count": 1,