{
    "name": "root",
    "metadata": {
        "timer_format_version": "0.1.0",
        "start_time_seconds": "1725015206",
        "python_version": "3.9.13 (tags/v3.9.13:6de2ca5, May 17 2022, 16:36:42) [MSC v.1929 64 bit (AMD64)]",
        "command_line_arguments": "D:\\Unity\\Projects\\FindWay\\My project\\venv\\Scripts\\mlagents-learn --run-id=Test6",
        "mlagents_version": "0.30.0",
        "mlagents_envs_version": "0.30.0",
        "communication_protocol_version": "1.5.0",
        "pytorch_version": "2.4.0+cpu",
        "numpy_version": "1.21.2",
        "end_time_seconds": "1725015335"
    },
    "total": 129.5823559,
    "count": 1,
    "self": 0.010102200000005723,
    "children": {
        "run_training.setup": {
            "total": 0.06889340000000033,
            "count": 1,
            "self": 0.06889340000000033
        },
        "TrainerController.start_learning": {
            "total": 129.5033603,
            "count": 1,
            "self": 0.15085619999959476,
            "children": {
                "TrainerController._reset_env": {
                    "total": 15.464932699999999,
                    "count": 1,
                    "self": 15.464932699999999
                },
                "TrainerController.advance": {
                    "total": 112.52083460000041,
                    "count": 7518,
                    "self": 0.14653950000077032,
                    "children": {
                        "env_step": {
                            "total": 111.48097229999978,
                            "count": 7518,
                            "self": 104.69971419999949,
                            "children": {
                                "SubprocessEnvManager._take_step": {
                                    "total": 6.68895590000027,
                                    "count": 7518,
                                    "self": 0.43088610000046756,
                                    "children": {
                                        "TorchPolicy.evaluate": {
                                            "total": 6.258069799999802,
                                            "count": 7451,
                                            "self": 6.258069799999802
                                        }
                                    }
                                },
                                "workers": {
                                    "total": 0.0923022000000131,
                                    "count": 7517,
                                    "self": 0.0,
                                    "children": {
                                        "worker_root": {
                                            "total": 51.6480536000002,
                                            "count": 7517,
                                            "is_parallel": true,
                                            "self": 16.622159599999762,
                                            "children": {
                                                "steps_from_proto": {
                                                    "total": 0.000513899999999623,
                                                    "count": 1,
                                                    "is_parallel": true,
                                                    "self": 0.00023640000000035855,
                                                    "children": {
                                                        "_process_rank_one_or_two_observation": {
                                                            "total": 0.00027749999999926445,
                                                            "count": 2,
                                                            "is_parallel": true,
                                                            "self": 0.00027749999999926445
                                                        }
                                                    }
                                                },
                                                "UnityEnvironment.step": {
                                                    "total": 35.02538010000044,
                                                    "count": 7517,
                                                    "is_parallel": true,
                                                    "self": 0.542253600000187,
                                                    "children": {
                                                        "UnityEnvironment._generate_step_input": {
                                                            "total": 0.4423833999997111,
                                                            "count": 7517,
                                                            "is_parallel": true,
                                                            "self": 0.4423833999997111
                                                        },
                                                        "communicator.exchange": {
                                                            "total": 32.41579750000033,
                                                            "count": 7517,
                                                            "is_parallel": true,
                                                            "self": 32.41579750000033
                                                        },
                                                        "steps_from_proto": {
                                                            "total": 1.6249456000002098,
                                                            "count": 7517,
                                                            "is_parallel": true,
                                                            "self": 0.8609728000000523,
                                                            "children": {
                                                                "_process_rank_one_or_two_observation": {
                                                                    "total": 0.7639728000001575,
                                                                    "count": 15034,
                                                                    "is_parallel": true,
                                                                    "self": 0.7639728000001575
                                                                }
                                                            }
                                                        }
                                                    }
                                                }
                                            }
                                        }
                                    }
                                }
                            }
                        },
                        "trainer_advance": {
                            "total": 0.8933227999998579,
                            "count": 7517,
                            "self": 0.16260849999994775,
                            "children": {
                                "process_trajectory": {
                                    "total": 0.7307142999999101,
                                    "count": 7517,
                                    "self": 0.7307142999999101
                                }
                            }
                        }
                    }
                },
                "TrainerController._save_models": {
                    "total": 1.366736799999984,
                    "count": 1,
                    "self": 0.00020529999997620507,
                    "children": {
                        "RLTrainer._checkpoint": {
                            "total": 1.3665315000000078,
                            "count": 1,