{
    "name": "root",
    "metadata": {
        "timer_format_version": "0.1.0",
        "start_time_seconds": "1725018699",
        "python_version": "3.9.13 (tags/v3.9.13:6de2ca5, May 17 2022, 16:36:42) [MSC v.1929 64 bit (AMD64)]",
        "command_line_arguments": "D:\\Unity\\Projects\\FindWay\\My project\\venv\\Scripts\\mlagents-learn --run-id=Test16",
        "mlagents_version": "0.30.0",
        "mlagents_envs_version": "0.30.0",
        "communication_protocol_version": "1.5.0",
        "pytorch_version": "2.4.0+cpu",
        "numpy_version": "1.21.2",
        "end_time_seconds": "1725018782"
    },
    "total": 83.1998524,
    "count": 1,
    "self": 0.010440700000003744,
    "children": {
        "run_training.setup": {
            "total": 0.0702828000000002,
            "count": 1,
            "self": 0.0702828000000002
        },
        "TrainerController.start_learning": {
            "total": 83.11912889999999,
            "count": 1,
            "self": 0.03874869999989983,
            "children": {
                "TrainerController._reset_env": {
                    "total": 12.0022872,
                    "count": 1,
                    "self": 12.0022872
                },
                "TrainerController.advance": {
                    "total": 68.93873940000009,
                    "count": 1705,
                    "self": 0.03713570000002164,
                    "children": {
                        "env_step": {
                            "total": 68.00768600000008,
                            "count": 1705,
                            "self": 66.19283859999989,
                            "children": {
                                "SubprocessEnvManager._take_step": {
                                    "total": 1.791212100000127,
                                    "count": 1705,
                                    "self": 0.11094790000013255,
                                    "children": {
                                        "TorchPolicy.evaluate": {
                                            "total": 1.6802641999999945,
                                            "count": 1697,
                                            "self": 1.6802641999999945
                                        }
                                    }
                                },
                                "workers": {
                                    "total": 0.02363530000005909,
                                    "count": 1704,
                                    "self": 0.0,
                                    "children": {
                                        "worker_root": {
                                            "total": 20.04702290000003,
                                            "count": 1704,
                                            "is_parallel": true,
                                            "self": 7.154215300000095,
                                            "children": {
                                                "steps_from_proto": {
                                                    "total": 0.0006325000000000358,
                                                    "count": 1,
                                                    "is_parallel": true,
                                                    "self": 0.0002641000000007665,
                                                    "children": {
                                                        "_process_rank_one_or_two_observation": {
                                                            "total": 0.0003683999999992693,
                                                            "count": 2,
                                                            "is_parallel": true,
                                                            "self": 0.0003683999999992693
                                                        }
                                                    }
                                                },
                                                "UnityEnvironment.step": {
                                                    "total": 12.892175099999935,
                                                    "count": 1704,
                                                    "is_parallel": true,
                                                    "self": 0.1675912999998772,
                                                    "children": {
                                                        "UnityEnvironment._generate_step_input": {
                                                            "total": 0.2673149999999751,
                                                            "count": 1704,
                                                            "is_parallel": true,
                                                            "self": 0.2673149999999751
                                                        },
                                                        "communicator.exchange": {
                                                            "total": 12.007217600000102,
                                                            "count": 1704,
                                                            "is_parallel": true,
                                                            "self": 12.007217600000102
                                                        },
                                                        "steps_from_proto": {
                                                            "total": 0.4500511999999812,
                                                            "count": 1704,
                                                            "is_parallel": true,
                                                            "self": 0.21626230000009095,
                                                            "children": {
                                                                "_process_rank_one_or_two_observation": {
                                                                    "total": 0.23378889999989028,
                                                                    "count": 3408,
                                                                    "is_parallel": true,
                                                                    "self": 0.23378889999989028
                                                                }
                                                            }
                                                        }
                                                    }
                                                }
                                            }
                                        }
                                    }
                                }
                            }
                        },
                        "trainer_advance": {
                            "total": 0.8939176999999887,
                            "count": 1704,
                            "self": 0.03941090000002312,
                            "children": {
                                "process_trajectory": {
                                    "total": 0.8545067999999656,
                                    "count": 1704,
                                    "self": 0.8545067999999656
                                }
                            }
                        }
                    }
                },
                "trainer_threads": {
                    "total": 4.0000000041118255e-06,
                    "count": 1,
                    "self": 4.0000000041118255e-06
                },
                "TrainerController._save_models": {
                    "total": 2.1393496000000027,
                    "count": 1,
                    "self": 0.00016159999999842967,