{
    "name": "root",
    "metadata": {
        "timer_format_version": "0.1.0",
        "start_time_seconds": "1725016271",
        "python_version": "3.9.13 (tags/v3.9.13:6de2ca5, May 17 2022, 16:36:42) [MSC v.1929 64 bit (AMD64)]",
        "command_line_arguments": "D:\\Unity\\Projects\\FindWay\\My project\\venv\\Scripts\\mlagents-learn --run-id=Test9",
        "mlagents_version": "0.30.0",
        "mlagents_envs_version": "0.30.0",
        "communication_protocol_version": "1.5.0",
        "pytorch_version": "2.4.0+cpu",
        "numpy_version": "1.21.2",
        "end_time_seconds": "1725016365"
    },
    "total": 94.26974770000001,
    "count": 1,
    "self": 0.009597600000006423,
    "children": {
        "run_training.setup": {
            "total": 0.06897899999999968,
            "count": 1,
            "self": 0.06897899999999968
        },
        "TrainerController.start_learning": {
            "total": 94.1911711,
            "count": 1,
            "self": 0.03502290000001551,
            "children": {
                "TrainerController._reset_env": {
                    "total": 13.599296700000002,
                    "count": 1,
                    "self": 13.599296700000002
                },
                "TrainerController.advance": {
                    "total": 79.25328379999999,
                    "count": 1366,
                    "self": 0.02988200000000063,
                    "children": {
                        "env_step": {
                            "total": 78.58469520000003,
                            "count": 1366,
                            "self": 77.01710549999999,
                            "children": {
                                "SubprocessEnvManager._take_step": {
                                    "total": 1.549349899999985,
                                    "count": 1366,
                                    "self": 0.09354709999977828,
                                    "children": {
                                        "TorchPolicy.evaluate": {
                                            "total": 1.4558028000002068,
                                            "count": 1357,
                                            "self": 1.4558028000002068
                                        }
                                    }
                                },
                                "workers": {
                                    "total": 0.018239800000060313,
                                    "count": 1365,
                                    "self": 0.0,
                                    "children": {
                                        "worker_root": {
                                            "total": 15.954782699999964,
                                            "count": 1365,
                                            "is_parallel": true,
                                            "self": 6.141562199999905,
                                            "children": {
                                                "steps_from_proto": {
                                                    "total": 0.0006871000000003846,
                                                    "count": 1,
                                                    "is_parallel": true,
                                                    "self": 0.0003209000000001794,
                                                    "children": {
                                                        "_process_rank_one_or_two_observation": {
                                                            "total": 0.00036620000000020525,
                                                            "count": 2,
                                                            "is_parallel": true,
                                                            "self": 0.00036620000000020525
                                                        }
                                                    }
                                                },
                                                "UnityEnvironment.step": {
                                                    "total": 9.812533400000058,
                                                    "count": 1365,
                                                    "is_parallel": true,
                                                    "self": 0.1374114000000457,
                                                    "children": {
                                                        "UnityEnvironment._generate_step_input": {
                                                            "total": 0.21307350000006053,
                                                            "count": 1365,
                                                            "is_parallel": true,
                                                            "self": 0.21307350000006053
                                                        },
                                                        "communicator.exchange": {
                                                            "total": 9.103908599999947,
                                                            "count": 1365,
                                                            "is_parallel": true,
                                                            "self": 9.103908599999947
                                                        },
                                                        "steps_from_proto": {
                                                            "total": 0.35813990000000473,
                                                            "count": 1365,
                                                            "is_parallel": true,
                                                            "self": 0.17466719999990232,
                                                            "children": {
                                                                "_process_rank_one_or_two_observation": {
                                                                    "total": 0.1834727000001024,
                                                                    "count": 2730,
                                                                    "is_parallel": true,
                                                                    "self": 0.1834727000001024
                                                                }
                                                            }
                                                        }
                                                    }
                                                }
                                            }
                                        }
                                    }
                                }
                            }
                        },
                        "trainer_advance": {
                            "total": 0.638706599999967,
                            "count": 1365,
                            "self": 0.03256550000007863,
                            "children": {
                                "process_trajectory": {
                                    "total": 0.6061410999998884,
                                    "count": 1365,
                                    "self": 0.6061410999998884
                                }
                            }
                        }
                    }
                },
                "TrainerController._save_models": {
                    "total": 1.303567700000002,
                    "count": 1,
                    "self": 0.00012569999999811898,
                    "children": {
                        "RLTrainer._checkpoint": {
                            "total": 1.303442000000004,
                            "count": 1,