{
    "name": "root",
    "metadata": {
        "timer_format_version": "0.1.0",
        "start_time_seconds": "1725014189",
        "python_version": "3.9.13 (tags/v3.9.13:6de2ca5, May 17 2022, 16:36:42) [MSC v.1929 64 bit (AMD64)]",
        "command_line_arguments": "D:\\Unity\\Projects\\FindWay\\My project\\venv\\Scripts\\mlagents-learn --run-id=Test4",
        "mlagents_version": "0.30.0",
        "mlagents_envs_version": "0.30.0",
        "communication_protocol_version": "1.5.0",
        "pytorch_version": "2.4.0+cpu",
        "numpy_version": "1.21.2",
        "end_time_seconds": "1725014277"
    },
    "total": 87.3656997,
    "count": 1,
    "self": 0.008982500000001892,
    "children": {
        "run_training.setup": {
            "total": 0.07609479999999991,
            "count": 1,
            "self": 0.07609479999999991
        },
        "TrainerController.start_learning": {
            "total": 87.2806224,
            "count": 1,
            "self": 0.007951300000016204,
            "children": {
                "TrainerController._reset_env": {
                    "total": 28.785099499999998,
                    "count": 1,
                    "self": 28.785099499999998
                },
                "TrainerController.advance": {
                    "total": 58.29122989999998,
                    "count": 361,
                    "self": 0.006747199999928455,
                    "children": {
                        "env_step": {
                            "total": 58.23201200000008,
                            "count": 361,
                            "self": 57.74324930000005,
                            "children": {
                                "SubprocessEnvManager._take_step": {
                                    "total": 0.48437610000001996,
                                    "count": 361,
                                    "self": 0.02188329999999894,
                                    "children": {
                                        "TorchPolicy.evaluate": {
                                            "total": 0.462492800000021,
                                            "count": 360,
                                            "self": 0.462492800000021
                                        }
                                    }
                                },
                                "workers": {
                                    "total": 0.004386600000010787,
                                    "count": 360,
                                    "self": 0.0,
                                    "children": {
                                        "worker_root": {
                                            "total": 6.8817962999999835,
                                            "count": 360,
                                            "is_parallel": true,
                                            "self": 2.2717575999998942,
                                            "children": {
                                                "steps_from_proto": {
                                                    "total": 0.0032074999999984755,
                                                    "count": 1,
                                                    "is_parallel": true,
                                                    "self": 0.00016929999999604206,
                                                    "children": {
                                                        "_process_rank_one_or_two_observation": {
                                                            "total": 0.0030382000000024334,
                                                            "count": 2,
                                                            "is_parallel": true,
                                                            "self": 0.0030382000000024334
                                                        }
                                                    }
                                                },
                                                "UnityEnvironment.step": {
                                                    "total": 4.606831200000091,
                                                    "count": 360,
                                                    "is_parallel": true,
                                                    "self": 0.026634300000146993,
                                                    "children": {
                                                        "UnityEnvironment._generate_step_input": {
                                                            "total": 0.02160969999997775,
                                                            "count": 360,
                                                            "is_parallel": true,
                                                            "self": 0.02160969999997775
                                                        },
                                                        "communicator.exchange": {
                                                            "total": 4.481253499999998,
                                                            "count": 360,
                                                            "is_parallel": true,
                                                            "self": 4.481253499999998
                                                        },
                                                        "steps_from_proto": {
                                                            "total": 0.07733369999996853,
                                                            "count": 360,
                                                            "is_parallel": true,
                                                            "self": 0.04183530000004154,
                                                            "children": {
                                                                "_process_rank_one_or_two_observation": {
                                                                    "total": 0.03549839999992699,
                                                                    "count": 720,
                                                                    "is_parallel": true,
                                                                    "self": 0.03549839999992699
                                                                }
                                                            }
                                                        }
                                                    }
                                                }
                                            }
                                        }
                                    }
                                }
                            }
                        },
                        "trainer_advance": {
                            "total": 0.052470699999972226,
                            "count": 360,
                            "self": 0.006937400000026628,
                            "children": {
                                "process_trajectory": {
                                    "total": 0.0455332999999456,
                                    "count": 360,
                                    "self": 0.0455332999999456
                                }
                            }
                        }
                    }
                },
                "trainer_threads": {
                    "total": 2.700000010236181e-06,
                    "count": 1,
                    "self": 2.700000010236181e-06
                },
                "TrainerController._save_models": {
                    "total": 0.1963389999999947,
                    "count": 1,
                    "self": 4.6099999991611185e-05,