{
    "name": "root",
    "metadata": {
        "timer_format_version": "0.1.0",
        "start_time_seconds": "1725021161",
        "python_version": "3.9.13 (tags/v3.9.13:6de2ca5, May 17 2022, 16:36:42) [MSC v.1929 64 bit (AMD64)]",
        "command_line_arguments": "D:\\Unity\\Projects\\FindWay\\My project\\venv\\Scripts\\mlagents-learn --run-id=Test19",
        "mlagents_version": "0.30.0",
        "mlagents_envs_version": "0.30.0",
        "communication_protocol_version": "1.5.0",
        "pytorch_version": "2.4.0+cpu",
        "numpy_version": "1.21.2",
        "end_time_seconds": "1725021271"
    },
    "total": 109.17257029999999,
    "count": 1,
    "self": 0.007155299999993758,
    "children": {
        "run_training.setup": {
            "total": 0.06911770000000006,
            "count": 1,
            "self": 0.06911770000000006
        },
        "TrainerController.start_learning": {
            "total": 109.09629729999999,
            "count": 1,
            "self": 0.018142299999951206,
            "children": {
                "TrainerController._reset_env": {
                    "total": 40.018678200000004,
                    "count": 1,
                    "self": 40.018678200000004
                },
                "TrainerController.advance": {
                    "total": 68.90805070000002,
                    "count": 883,
                    "self": 0.016514800000066998,
                    "children": {
                        "env_step": {
                            "total": 68.70102540000008,
                            "count": 883,
                            "self": 67.95180730000013,
                            "children": {
                                "SubprocessEnvManager._take_step": {
                                    "total": 0.7379352999999966,
                                    "count": 883,
                                    "self": 0.048215099999879385,
                                    "children": {
                                        "TorchPolicy.evaluate": {
                                            "total": 0.6897202000001172,
                                            "count": 803,
                                            "self": 0.6897202000001172
                                        }
                                    }
                                },
                                "workers": {
                                    "total": 0.011282799999960957,
                                    "count": 882,
                                    "self": 0.0,
                                    "children": {
                                        "worker_root": {
                                            "total": 6.661035799999873,
                                            "count": 882,
                                            "is_parallel": true,
                                            "self": 2.492707699999862,
                                            "children": {
                                                "steps_from_proto": {
                                                    "total": 0.00038620000000122445,
                                                    "count": 1,
                                                    "is_parallel": true,
                                                    "self": 0.0001466000000007739,
                                                    "children": {
                                                        "_process_rank_one_or_two_observation": {
                                                            "total": 0.00023960000000045056,
                                                            "count": 2,
                                                            "is_parallel": true,
                                                            "self": 0.00023960000000045056
                                                        }
                                                    }
                                                },
                                                "UnityEnvironment.step": {
                                                    "total": 4.1679419000000095,
                                                    "count": 882,
                                                    "is_parallel": true,
                                                    "self": 0.06653030000001081,
                                                    "children": {
                                                        "UnityEnvironment._generate_step_input": {
                                                            "total": 0.051024799999936477,
                                                            "count": 882,
                                                            "is_parallel": true,
                                                            "self": 0.051024799999936477
                                                        },
                                                        "communicator.exchange": {
                                                            "total": 3.859300800000092,
                                                            "count": 882,
                                                            "is_parallel": true,
                                                            "self": 3.859300800000092
                                                        },
                                                        "steps_from_proto": {
                                                            "total": 0.1910859999999701,
                                                            "count": 882,
                                                            "is_parallel": true,
                                                            "self": 0.10293180000000746,
                                                            "children": {
                                                                "_process_rank_one_or_two_observation": {
                                                                    "total": 0.08815419999996266,
                                                                    "count": 1764,
                                                                    "is_parallel": true,
                                                                    "self": 0.08815419999996266
                                                                }
                                                            }
                                                        }
                                                    }
                                                }
                                            }
                                        }
                                    }
                                }
                            }
                        },
                        "trainer_advance": {
                            "total": 0.19051049999988123,
                            "count": 882,
                            "self": 0.01879529999980889,
                            "children": {
                                "process_trajectory": {
                                    "total": 0.17171520000007234,
                                    "count": 882,
                                    "self": 0.17171520000007234
                                }
                            }
                        }
                    }
                },
                "TrainerController._save_models": {
                    "total": 0.151426100000009,
                    "count": 1,
                    "self": 0.00107500000001437,
                    "children": {
                        "RLTrainer._checkpoint": {
                            "total": 0.15035109999999463,
                            "count": 1,